Remote_Friendly,Salary_USD
Yes,116890.05406125299
nan,115029.74782616916
No,113884.15175613012
